{
  "hillOpacityFac": {
    "text": "Hole Opacity",
    "max": 1000,
    "min": 0,
    "tick": 1001,
    "type": "slider",
    "value": 50,
    "translations": {
      "English": "Hole Opacity",
      "Italian": "Opacità Buco",
      "Francais": "Opacité du Trou",
      "Deutch": "Loch-Deckkraft",
      "Espanol": "Opacidad del Agujero",
      "Romanian": "Opacitatea Găurii",
      "Custom": "Hole Opacity"
    }
  },
  "bgColor": {
    "text": "Background",
    "type": "color",
    "value": "#ff4d00",
    "translations": {
      "English": "Background",
      "Italian": "Sfondo",
      "Francais": "Fond",
      "Deutch": "Hintergrund",
      "Espanol": "Fondo",
      "Romanian": "Fundal",
      "Custom": "Background"
    }
  },
  "hillColor": {
    "text": "Hole Ground",
    "type": "color",
    "value": "#202020",
    "translations": {
      "English": "Hole Ground",
      "Italian": "Terra Buco",
      "Francais": "Sol du Trou",
      "Deutch": "Loch-Boden",
      "Espanol": "Suelo del Agujero",
      "Romanian": "Pământul Găurii",
      "Custom": "Hole Ground"
    }
  },
  "fontColor": {
    "text": "Font",
    "type": "color",
    "value": "#ffffff",
    "translations": {
      "English": "Font",
      "Italian": "Colore Testo",
      "Francais": "Couleur du Texte",
      "Deutch": "Schriftfarbe",
      "Espanol": "Color del Texto",
      "Romanian": "Culoarea Textului",
      "Custom": "Font"
    }
  },
  "timeToggle": {
    "text": "Time",
    "type": "checkbox",
    "value": true,
    "translations": {
      "English": "Time",
      "Italian": "Ora",
      "Francais": "Heure",
      "Deutch": "Uhrzeit",
      "Espanol": "Hora",
      "Romanian": "Ora",
      "Custom": "Time"
    }
  },
  "dateToggle": {
    "text": "Date",
    "type": "checkbox",
    "value": true,
    "translations": {
      "English": "Date",
      "Italian": "Data",
      "Francais": "Date",
      "Deutch": "Datum",
      "Espanol": "Fecha",
      "Romanian": "Data",
      "Custom": "Date"
    }
  },
  "_12hour": {
    "text": "12 Hour",
    "type": "checkbox",
    "value": false,
    "translations": {
      "English": "12 Hour",
      "Italian": "12 Ore",
      "Francais": "12 Heures",
      "Deutch": "12 Stunden",
      "Espanol": "12 Horas",
      "Romanian": "12 Ore",
      "Custom": "12 Hour"
    }
  },
  "mmddyy": {
    "text": "Month/Day Format",
    "type": "checkbox",
    "value": true,
    "translations": {
      "English": "Month/Day Format",
      "Italian": "Formato Mese/Giorno",
      "Francais": "Format Mois/Jour",
      "Deutch": "Monat/Tag-Format",
      "Espanol": "Formato Mes/Día",
      "Romanian": "Format Lună/Zi",
      "Custom": "Month/Day Format"
    }
  },
  "language": {
    "text": "Select Language",
    "type": "dropdown",
    "items": ["English", "Italian", "Francais", "Deutch", "Espanol", "Romanian", "Custom"],
    "value": 0,
    "translations": {
      "English": "Select Language",
      "Italian": "Seleziona Lingua",
      "Francais": "Sélectionner la Langue",
      "Deutch": "Sprache Auswählen",
      "Espanol": "Seleccionar Idioma",
      "Romanian": "Selectați Limba",
      "Custom": "Select Language"
    }
  },
  "day1": {
    "text": "Custom0 (Sunday)",
    "type": "textbox",
    "value": "Sunrabbit",
    "translations": {
      "English": "Custom0",
      "Italian": "Personalizzato0",
      "Francais": "Personnalisé0",
      "Deutch": "Benutzerdefiniert0",
      "Espanol": "Personalizado0",
      "Romanian": "Personalizat0",
      "Custom": "Custom0"
    }
  },
  "day2": {
    "text": "Custom1 (Monday)",
    "type": "textbox",
    "value": "Monrabbit",
    "translations": {
      "English": "Custom1",
      "Italian": "Personalizzato1",
      "Francais": "Personnalisé1",
      "Deutch": "Benutzerdefiniert1",
      "Espanol": "Personalizado1",
      "Romanian": "Personalizat1",
      "Custom": "Custom1"
    }
  },
  "day3": {
    "text": "Custom2 (Tuesday)",
    "type": "textbox",
    "value": "Tuerabbit",
    "translations": {
      "English": "Custom2",
      "Italian": "Personalizzato2",
      "Francais": "Personnalisé2",
      "Deutch": "Benutzerdefiniert2",
      "Espanol": "Personalizado2",
      "Romanian": "Personalizat2",
      "Custom": "Custom2"
    }
  },
  "day4": {
    "text": "Custom3 (Wednesday)",
    "type": "textbox",
    "value": "Wedrabbit",
    "translations": {
      "English": "Custom3",
      "Italian": "Personalizzato3",
      "Francais": "Personnalisé3",
      "Deutch": "Benutzerdefiniert3",
      "Espanol": "Personalizado3",
      "Romanian": "Personalizat3",
      "Custom": "Custom3"
    }
  },
  "day5": {
    "text": "Custom4 (Thursday)",
    "type": "textbox",
    "value": "Thurabbit",
    "translations": {
      "English": "Custom4",
      "Italian": "Personalizzato4",
      "Francais": "Personnalisé4",
      "Deutch": "Benutzerdefiniert4",
      "Espanol": "Personalizado4",
      "Romanian": "Personalizat4",
      "Custom": "Custom4"
    }
  },
  "day6": {
    "text": "Custom5 (Friday)",
    "type": "textbox",
    "value": "Frirabbit",
    "translations": {
      "English": "Custom5",
      "Italian": "Personalizzato5",
      "Francais": "Personnalisé5",
      "Deutch": "Benutzerdefiniert5",
      "Espanol": "Personalizado5",
      "Romanian": "Personalizat5",
      "Custom": "Custom5"
    }
  },
  "day7": {
    "text": "Custom6 (Saturday)",
    "type": "textbox",
    "value": "Satrabbit",
    "translations": {
      "English": "Custom6",
      "Italian": "Personalizzato6",
      "Francais": "Personnalisé6",
      "Deutch": "Benutzerdefiniert6",
      "Espanol": "Personalizado6",
      "Romanian": "Personalizat6",
      "Custom": "Custom6"
    }
  }
}
