{
  "hillOpacityFac": {
    "max": 1000,
    "min": 0,
    "tick": 1001,
    "text": "Opacità della Tana",
    "type": "slider",
    "value": 50
  },
  "bgColor": {
    "text": "Sfondo",
    "type": "color",
    "value": "#ff4d00"
  },
  "hillColor": {
    "text": "Terreno della Tana",
    "type": "color",
    "value": "#202020"
  },
  "fontColor": {
    "text": "Carattere",
    "type": "color",
    "value": "#ffffff"
  },
  "timeToggle": {
    "type": "checkbox",
    "value": true,
    "text": "Ora"
  },
  "dateToggle": {
    "type": "checkbox",
    "value": true,
    "text": "Data"
  },
  "_12hour": {
    "type": "checkbox",
    "value": false,
    "text": "12 Ore"
  },
  "mmddyy": {
    "type": "checkbox",
    "value": true,
    "text": "Formato Mese/Giorno"
  },
  "language": {
    "type": "dropdown",
    "items": ["English", "Italian", "Francais", "Deutch", "Espanol", "Romanian"],
    "value": 0,
    "text": "Seleziona Lingua"
  }
}